Agency Name,Agency Abbreviation
1 Day At A Time,1DAAT
2ndChanceProject,2ndChanceProject
180 Degrees,180 Degrees
925 Studios LLC,925 Studios
A Place for You,A Place for You
Accend Services Inc,Accend
Accord,Accord
Aeon,Aeon
Affinity Caregiver LLC,Affinity Caregiver
Affinity Residential Care LLC,Affinity Care
Affirmation House,Affirmation House
Agate Housing and Services,Agate
Ain Dah Yung,ADY
"Alliance Housing, Inc.",Alliance Housing
Allos Ministries,Allos Ministries
Alluma,Alluma
"Ally Supportive Services, LLC",Ally
American Indian Community Development Corporation,AICDC
American Indian Community Housing Organization,AICHO
American Indian Family Center,AIFC
Amherst H. Wilder Foundation,AHWF
Animikiikaa LLC,Animikiikaa
Anishinaabe Endaad LLC,Anishinaabe Endaad
Anoka County Human Services,ACHS
Arrowhead Economic Opportunity Agency,AEOA
Avenues for Homeless Youth,Avenues for Youth
Avivo,Avivo
Beacon Interfaith Housing Collaborative,Beacon
Benton County Human Services,Benton County
Bethlehem Inn of Waseca,Bethlehem Inn
"Bi-County Community Action Programs, Inc.",BICAP
Blue Earth County Human Services,Blue Earth Co
Bob Tavani House for Medical Respite,Bob Tavani House
Bois Forte Human Services,Bois Forte
Bridge for Youth,Bridge
Bridges of Hope,Bridges
Brightwater Health,HDC
Canvas Health,Canvas
"Care and Share of Crookston, Inc.",Care and Share
Carver County CDA,Carver CDA
Carver County Health and Human Services,CCHHS
Catholic Charities of Southern Minnesota,Catholic Charities SE MN
Catholic Charities of St. Cloud,CC St. Cloud
Catholic Charities Twin Cities,CCSPM
"Cenneidigh, Inc.",Cenneidigh
Center City Housing Corporation,CCHC
Center for African Immigrants and Refugee Organization,CAIRO
Central Minnesota Community Empowerment Organization,CMCEO
Central Minnesota Housing Partnership,CMHP
Central Minnesota Mental Health Center,CMMHC
Churches United,CU
Churches United in Ministry,CHUM
"City of Minneapolis, Community Development and Economic Planning",City of Minneapolis
City of Saint Paul - Department of Safety and Inspection,STPSI
Clare Housing,Clare Hsg
Clay County HRA,Clay Co HRA
CommonBond Communities,CommonBond
Community Action Center of Northfield,CAC Northfield
Community Action Partnership of Hennepin County,CAPHC
Community Action Partnership of Ramsey and Washington Counties,CAPRW
CommUNITY Adult Mental Health Initiative,CAMHI
"Community Mediation & Restorative Services, Inc.",CMRS
Community Stabilization Project,Community Stabilization Project
Comunidades Latinas Unidas En Servicio,CLUES
Connections Ministry,Connections Ministry
Connections to Independence,C2i
Continuum Care Center,Continuum Care Center
"Cornerstone Home Health Care, Inc",CHHC
Credent Care,Credent Care
Crow Wing County Community Services,Crow Wing
Dakota County Community Development Agency,Dakota County CDA
Dakota County Community Services,DCCS
Dakota Woodlands,Dakota Woodlands
Dale Street Place,Dale Street Place
Divine Konnections,Divine Konnections
Drew Shaine LLC,Drew Shaine LLC
East African Housing Services,East African Housing Services
Ecumen,Ecumen
Edith's House Inc.,Edith's House
Emma Norton Services,Emma Norton
Evergreen Youth and Family Services, Evergreen
"Face to Face Health and Counseling Service, Inc.",F2F
Family Promise in Anoka County,Family Promise Anoka
Family Promise Rochester,Family Promise Rochester
Family Rise Together,Family Rise Together
Fawkes Housing Services LLC,Fawkes Housing Services
First Lutheran Church of Detroit Lakes,FLC
Fond du Lac Band of Lake Superior Chippewa,FDL
Foundations Housing Support LLC,Foundations Housing Support
Frazier Recovery Homes,Frazier
Frontier Living LLC,Frontier Living
Gaia Democratic School,Gaia
Goodhue County Health & Human Services,Goodhue County HHS
Grace House of Itasca County,Grace House
Grand Portage Human Services,Grand Portage HS
Greater Minneapolis Council of Churches,GMCC
Greater Minnesota Community Services,GMCS
Greenhouse Recovery Center,Greenhouse
"Guild, Inc.",Guild
"Handy Help, LLC",Handy Help
Haven Housing,Haven Housing
Hearth Connection,Hearth Conn
Helix Health and Housing Services,Helix
Hennepin County,Hennepin
Hennepin Healthcare,Hennepin Healthcare
Hiawatha Valley Mental Health Center,HVMHC
High School for the Recording Arts,HSRA
Higher Works Collaborative,Higher Works Collaborative
Hmong American Partnership,HAP
Homeless Helping Homeless,Homeless Helping Homeless
"HOPE 4 Youth, Inc.",H4Y
Hope Avenue Twin Cities,Hope Ave
"Hospitality House of Owatonna, Inc.",Hospitality House
House of Sanctuary,House of Sanctuary
Housing and Redevelopment Authority of Bemidji,HRA of Bemidji
"Housing and Redevelopment Authority of Stearns County, Minnesota",Stearns County HRA
"Housing Connections, LLC",Housing Connections
Housing Horizons,Housing Horizons
Housing Matters,Housing Matters
Independent Management Services of Minnesota,IMS
Indian Neighborhood Club,Indian Neighborhood Club
Indigenous Peoples Task Force,IPTF
Inter-County Community Council,ICCC
Interfaith Action of Greater St. Paul,Interfaith Action
Interfaith Outreach and Community Partners,IOCP
Isuroon,Isuroon
Jeremiah Program,Jeremiah Program
Jewish Family and Children's Service of Minneapolis,JFCS
Kandiyohi County HRA,Kandiyohi HRA
Kanerva Consulting LLC,Kanerva Consulting LLC
KOOTASCA Community Action,KOOTASCA
Lakes and Pines Community Action Council,Lakes & Pines
Lakes and Prairies Community Action Partnership,CAPLP
Leech Lake Band of Ojibwe,Leech Lake Band
Leech Lake Band of Ojibwe Housing Authority,Leech Lake Housing
Legal Aid Service of NE MN,LASNEM
Life House,Life House
Listening House of St Paul,Listening House
Lower Sioux Indian Housing Authority,Lower Sioux
Lutheran Social Service of Minnesota,LSS
Mahube-Otwa Community Action Partnership,Mahube Community Council (Mahube)
Mankato Economic Development Authority,Mankato EDA
Maverick Unified Services LLC,Maverick
Mediation and Restorative Services,MARS
Mental Health Resources Inc,MHR
Merrick Community Services,Merrick
Metro Housing Support Inc.,Metro Housing Support
Metropolitan Council,Metro HRA
Metropolitan Human Resources,Metropolitan Human Resources
Midwest Medical and Rehabilitative Services,MMRS
Mille Lacs Band of Ojibwe,Mille Lacs
Minneapolis Public Housing Authority,MPHA
Minnesota Assistance Council for Veterans,MACV
"Minnesota Care Counseling Services, Inc.",MCCS
Minnesota Community Care (formerly West Side Community Health Services),WSCHS
Minnesota Department of Health,MDH
Minnesota Department of Veterans Affairs,MDVA
Minnesota Engagement on Shelter and Housing,MESH
Minnesota Housing Finance Agency,Minnesota Housing
Minnesota Indian Women's Resource Center,MIWRC
Minnesota One-Stop for Communities,MN One-Stop
"Minnesota Valley Action Council, Inc.",MN VAC
Missions Inc. Programs,Missions Inc.
MN Prairie County Alliance,MNPrairie Alliance
"Model Cities of St. Paul, Inc.",Model Cities
More Doors LLC,More Doors
Morrison County Housing and Redevelopment Authority,Morrison County HRA
"Mosaic Apartment Services, Inc.",Mosaic
MoveFwd,MoveFwd
Multicultural Care Center LLC,Multicultural Care Center
MySkye Care LLC,MySkye Care
Nameless Coalition for the Homeless,Nameless
Native American Community Clinic,NACC
NEEMA,NEEMA
Neighborhood House (East Side Family Center),East Side
New American Development Center,NADC
New Opportunities,New Opportunities
"New Pathways, Inc.",New Pathways
NewDay Housing LLC,NewDay Housing LLC
Next Level Housing Solutions LLC,Next Level
Northfield Union of Youth,NUY
"Northland Counseling Center, Inc.",Northland Counseling Center
NorthPoint Health and Wellness Center,NorthPoint
NorthStar Community Services,NorthStar
Northwest Community Action,NWCAA
Northwest Indian Community Development Center,NWICDC
"Oak Grove Care Center, Inc.",Oak Grove CC
Oasis Central Minnesota,Oasis CM
Oasis for Youth,Oasis for Youth
"October Allen, Inc.",October Allen
Olmsted County Community Services,Olmsted HRA
One Roof Community Housing,One Roof
Open Doors for Youth,Open Doors for Youth
Optimal Care Services Inc,Optimal Care Services
Our Saviour's Community Services,Our Saviour's
Ours to Serve House of Hospitality Inc,Ours to Serve
"Parents in Community Action, Inc.",PICA
Partners for Affordable Housing,PAH
Peace House Community,Peace House
People Incorporated,People Inc.
People Serving People,PSP
Peoples Development Services,PDS
Peoples Lutheran Chapel,Peoples Church
Person Centered Housing Consultants,PCHC
"Perspectives, Inc.",Perspectives
Phoenix Service Corporation,Phoenix Service Corp
Pillsbury United Communities,Pillsbury United Communities
Place of Hope Ministries,Place of Hope
Prairie Five Community Action Council,Prairie Five CAC
Presentation Partners in Housing,PPiH
Primus Incorporated,Primus
Project for Pride in Living,PPL
"Rachel's Light, Inc",Rachel's Light
RADIAS Health,RADIAS Health
Ramsey County,Ramsey County
Range Mental Health Center,RMHC
Range Transitional Housing,RTH
Recovery Is Happening,Recovery Is Happening
Red Lake Homeless Shelter,Red Lake Shelter
"Red Lake Nation Safe Harbor, Inc.",Red Lake Nation Safe Harbor
Red Lake Reservation Housing Authority,Red Lake Reservation Housing Authority
Red Wing Housing and Redevelopment Authority,Red Wing HRA
"Rescue Now Services, Inc.",Rescue Now
Residential Transitions Inc,RTI
Restoration Incorporated Ministries Service Corporation,RIMSC
"Rise, Inc.",Rise
River Valleys CoC,River Valleys CoC
Rochester Area Foundation,Rochester Area Foundation
RS Eden,RS EDEN
Ruth's House,Ruth's House
Sabathani Community Center,Sabathani
"Safari Services, LLC",Safari Services
Sanford Health of Northern Minnesota,Sanford Health
Scott Carver Dakota CAP,SCD CAP
Scott County,Scott County
Scott County Community Development Agency,Scott County CDA
Semcac,Semcac
Servants of Shelter of Koochiching County,SoS
Sherburne County Health and Human Services,Sherburne Co
Simpson Housing Services,Simpson
Sisters of Synergy Home Care Services,SSHCS
"Skyline, Incc.",SkyLine
Solid Ground,Solid Ground
South Central Minnesota Multi-County HRA,SCMMCHRA
SouthEast Homes,SEH
Southern Minnesota Regional Legal Services,SMRLS
Southwest Minnesota Housing Partnership,SWMHP
Spero,Spero
St. Andrew's Community Resource Center,St. Andrew's
St. Cloud Housing and Redevelopment Authority,St. Cloud HRA
St. Croix Family Resource Center,St. Croix FRC
St. Louis County Public Health and Human Services,St. Louis County PHHS
St. Paul Public Housing Agency,SPPHA
"Start Today Hennepin, LLC",Start Today
Stearns County Human Services,Stearns Co
Steele County Transitional Housing,Steele County TH
Step Forward Outreach Services,Step Forward
Stepping Stone Emergency Housing,Stepping Stone
Steps of Strategy,Steps of Strategy
Supportive Living Solutions,Supportive Living Solutions
Synergy Housing Services LLC,Synergy
"Tasks Unlimited, Inc.",Tasks Unlimited
The Aliveness Project,The Aliveness Project
The Dignity Center,Dignity Center
The Experience of Neshama,The Experience of Neshama
The Landing MN,The Landing
The Link,The Link
The Salvation Army,TSA
"The Wayside House, Inc.",Wayside House
Theresa Living Center,Theresa Living Center
"Three Rivers Community Action, Inc.",Three Rivers
Touchstone Mental Health,Touchstone MH
Tri-County Action Program,TriCAP
Tri-Valley Opportunity Council,TVOC
Twin Cities Recovery Project Inc,TCRP
Unified Social Services,USS
Union Gospel Mission - Duluth,UGM Duluth
Union Gospel Mission Twin Cities,UGM-TC
United Community Action Partnership,UCAP
Upper Sioux Community,USC
Vail Place,Vail Place
Valley Outreach,Valley Outreach
"VEAP, Inc.",VEAP
Vinland National Center/LivingWorks Ventures,Vinland National Center
Voices For Ethnic & Multicultural Awareness,VEMA
Volunteers of America of MN and WI,VOA
Washington County Community Services,WCCS
WeCare,WeCare
"West Central MN Communities Action, Inc.",WCMCA
White Earth Reservation Tribal Council,White Earth
Women's Advocates,Women's Advocates
Wright County Community Action,WCCA
YMCA of the North,YMCA of the North
YouthLink,YouthLink
YWCA of Duluth,YWCA Duluth
YWCA of St. Paul,YWCA of St. Paul
Zumbro Valley Health Center,ZVHC